letter,startPlacement,endPlacement,timing,direction,blueMotionType,blueRotationDirection,blueStartLocation,blueEndLocation,redMotionType,redRotationDirection,redStartLocation,redEndLocation
D,beta1,gamma4,tog,opp,pro,cw,n,se,pro,ccw,n,sw
D,beta1,gamma6,tog,opp,pro,ccw,n,sw,pro,cw,n,se
D,beta2,gamma2,none,opp,pro,ccw,se,n,pro,cw,se,sw
D,beta2,gamma5,none,opp,pro,cw,se,sw,pro,ccw,se,n
D,beta3,gamma1,none,opp,pro,cw,sw,n,pro,ccw,sw,se
D,beta3,gamma3,none,opp,pro,ccw,sw,se,pro,cw,sw,n
E,beta1,gamma4,tog,opp,anti,ccw,n,se,anti,cw,n,sw
E,beta1,gamma6,tog,opp,anti,cw,n,sw,anti,ccw,n,se
E,beta2,gamma2,none,opp,anti,cw,se,n,anti,ccw,se,sw
E,beta2,gamma5,none,opp,anti,ccw,se,sw,anti,cw,se,n
E,beta3,gamma1,none,opp,anti,ccw,sw,n,anti,cw,sw,se
E,beta3,gamma3,none,opp,anti,cw,sw,se,anti,ccw,sw,n
F,beta1,gamma4,tog,opp,pro,cw,n,se,anti,cw,n,sw
F,beta1,gamma4,tog,opp,anti,ccw,n,se,pro,ccw,n,sw
F,beta1,gamma6,tog,opp,pro,ccw,n,sw,anti,ccw,n,se
F,beta1,gamma6,tog,opp,anti,cw,n,sw,pro,cw,n,se
F,beta2,gamma2,none,opp,pro,ccw,se,n,anti,ccw,se,sw
F,beta2,gamma2,none,opp,anti,cw,se,n,pro,cw,se,sw
F,beta2,gamma5,none,opp,pro,cw,se,sw,anti,cw,se,n
F,beta2,gamma5,none,opp,anti,ccw,se,sw,pro,ccw,se,n
F,beta3,gamma1,none,opp,pro,cw,sw,n,anti,cw,sw,se
F,beta3,gamma1,none,opp,anti,ccw,sw,n,pro,ccw,sw,se
F,beta3,gamma3,none,opp,pro,ccw,sw,se,anti,ccw,sw,n
F,beta3,gamma3,none,opp,anti,cw,sw,se,pro,cw,sw,n
G,beta1,beta2,tog,same,pro,cw,n,se,pro,cw,n,se
G,beta1,beta3,tog,same,pro,ccw,n,sw,pro,ccw,n,sw
G,beta2,beta1,tog,same,pro,ccw,se,n,pro,ccw,se,n
G,beta2,beta3,tog,same,pro,cw,se,sw,pro,cw,se,sw
G,beta3,beta1,tog,same,pro,cw,sw,n,pro,cw,sw,n
G,beta3,beta2,tog,same,pro,ccw,sw,se,pro,ccw,sw,se
H,beta1,beta2,tog,same,anti,ccw,n,se,anti,ccw,n,se
H,beta1,beta3,tog,same,anti,cw,n,sw,anti,cw,n,sw
H,beta2,beta1,tog,same,anti,cw,se,n,anti,cw,se,n
H,beta2,beta3,tog,same,anti,ccw,se,sw,anti,ccw,se,sw
H,beta3,beta1,tog,same,anti,ccw,sw,n,anti,ccw,sw,n
H,beta3,beta2,tog,same,anti,cw,sw,se,anti,cw,sw,se
I,beta1,beta2,tog,same,pro,cw,n,se,anti,ccw,n,se
I,beta1,beta2,tog,same,anti,ccw,n,se,pro,cw,n,se
I,beta1,beta3,tog,same,pro,ccw,n,sw,anti,cw,n,sw
I,beta1,beta3,tog,same,anti,cw,n,sw,pro,ccw,n,sw
I,beta2,beta1,tog,same,pro,ccw,se,n,anti,cw,se,n
I,beta2,beta1,tog,same,anti,cw,se,n,pro,ccw,se,n
I,beta2,beta3,tog,same,pro,cw,se,sw,anti,ccw,se,sw
I,beta2,beta3,tog,same,anti,ccw,se,sw,pro,cw,se,sw
I,beta3,beta1,tog,same,pro,cw,sw,n,anti,ccw,sw,n
I,beta3,beta1,tog,same,anti,ccw,sw,n,pro,cw,sw,n
I,beta3,beta2,tog,same,pro,ccw,sw,se,anti,cw,sw,se
I,beta3,beta2,tog,same,anti,cw,sw,se,pro,ccw,sw,se
J,gamma1,beta3,none,opp,pro,ccw,n,sw,pro,cw,se,sw
J,gamma2,beta2,none,opp,pro,cw,n,se,pro,ccw,sw,se
J,gamma3,beta3,none,opp,pro,cw,se,sw,pro,ccw,n,sw
J,gamma4,beta1,tog,opp,pro,ccw,se,n,pro,cw,sw,n
J,gamma5,beta2,none,opp,pro,ccw,sw,se,pro,cw,n,se
J,gamma6,beta1,tog,opp,pro,cw,sw,n,pro,ccw,se,n
K,gamma1,beta3,none,opp,anti,cw,n,sw,anti,ccw,se,sw
K,gamma2,beta2,none,opp,anti,ccw,n,se,anti,cw,sw,se
K,gamma3,beta3,none,opp,anti,ccw,se,sw,anti,cw,n,sw
K,gamma4,beta1,tog,opp,anti,cw,se,n,anti,ccw,sw,n
K,gamma5,beta2,none,opp,anti,cw,sw,se,anti,ccw,n,se
K,gamma6,beta1,tog,opp,anti,ccw,sw,n,anti,cw,se,n
L,gamma1,beta3,none,opp,pro,ccw,n,sw,anti,ccw,se,sw
L,gamma1,beta3,none,opp,anti,cw,n,sw,pro,cw,se,sw
L,gamma2,beta2,none,opp,pro,cw,n,se,anti,cw,sw,se
L,gamma2,beta2,none,opp,anti,ccw,n,se,pro,ccw,sw,se
L,gamma3,beta3,none,opp,pro,cw,se,sw,anti,cw,n,sw
L,gamma3,beta3,none,opp,anti,ccw,se,sw,pro,ccw,n,sw
L,gamma4,beta1,tog,opp,pro,ccw,se,n,anti,ccw,sw,n
L,gamma4,beta1,tog,opp,anti,cw,se,n,pro,cw,sw,n
L,gamma5,beta2,none,opp,pro,ccw,sw,se,anti,ccw,n,se
L,gamma5,beta2,none,opp,anti,cw,sw,se,pro,cw,n,se
L,gamma6,beta1,tog,opp,pro,cw,sw,n,anti,cw,se,n
L,gamma6,beta1,tog,opp,anti,ccw,sw,n,pro,ccw,se,n
P,gamma1,gamma3,none,opp,pro,cw,n,se,pro,ccw,se,n
P,gamma2,gamma5,none,opp,pro,ccw,n,sw,pro,cw,sw,n
P,gamma3,gamma1,none,opp,pro,ccw,se,n,pro,cw,n,se
P,gamma4,gamma6,tog,opp,pro,cw,se,sw,pro,ccw,sw,se
P,gamma5,gamma2,none,opp,pro,cw,sw,n,pro,ccw,n,sw
P,gamma6,gamma4,tog,opp,pro,ccw,sw,se,pro,cw,se,sw
Q,gamma1,gamma3,none,opp,anti,ccw,n,se,anti,cw,se,n
Q,gamma2,gamma5,none,opp,anti,cw,n,sw,anti,ccw,sw,n
Q,gamma3,gamma1,none,opp,anti,cw,se,n,anti,ccw,n,se
Q,gamma4,gamma6,tog,opp,anti,ccw,se,sw,anti,cw,sw,se
Q,gamma5,gamma2,none,opp,anti,ccw,sw,n,anti,cw,n,sw
Q,gamma6,gamma4,tog,opp,anti,cw,sw,se,anti,ccw,se,sw
R,gamma1,gamma3,none,opp,pro,cw,n,se,anti,cw,se,n
R,gamma1,gamma3,none,opp,anti,ccw,n,se,pro,ccw,se,n
R,gamma2,gamma5,none,opp,pro,ccw,n,sw,anti,ccw,sw,n
R,gamma2,gamma5,none,opp,anti,cw,n,sw,pro,cw,sw,n
R,gamma3,gamma1,none,opp,pro,ccw,se,n,anti,ccw,n,se
R,gamma3,gamma1,none,opp,anti,cw,se,n,pro,cw,n,se
R,gamma4,gamma6,tog,opp,pro,cw,se,sw,anti,cw,sw,se
R,gamma4,gamma6,tog,opp,anti,ccw,se,sw,pro,ccw,sw,se
R,gamma5,gamma2,none,opp,pro,cw,sw,n,anti,cw,n,sw
R,gamma5,gamma2,none,opp,anti,ccw,sw,n,pro,ccw,n,sw
R,gamma6,gamma4,tog,opp,pro,ccw,sw,se,anti,ccw,se,sw
R,gamma6,gamma4,tog,opp,anti,cw,sw,se,pro,cw,se,sw
S,gamma1,gamma4,none,same,pro,cw,n,se,pro,cw,se,sw
S,gamma1,gamma5,none,same,pro,ccw,n,sw,pro,ccw,se,n
S,gamma2,gamma3,none,same,pro,cw,n,se,pro,cw,sw,n
S,gamma2,gamma6,none,same,pro,ccw,n,sw,pro,ccw,sw,se
S,gamma3,gamma2,none,same,pro,ccw,se,n,pro,ccw,n,sw
S,gamma3,gamma6,none,same,pro,cw,se,sw,pro,cw,n,se
S,gamma4,gamma1,none,same,pro,ccw,se,n,pro,ccw,sw,se
S,gamma4,gamma5,none,same,pro,cw,se,sw,pro,cw,sw,n
S,gamma5,gamma1,none,same,pro,cw,sw,n,pro,cw,n,se
S,gamma5,gamma4,none,same,pro,ccw,sw,se,pro,ccw,n,sw
S,gamma6,gamma2,none,same,pro,cw,sw,n,pro,cw,se,sw
S,gamma6,gamma3,none,same,pro,ccw,sw,se,pro,ccw,se,n
T,gamma1,gamma4,none,same,anti,ccw,n,se,anti,ccw,se,sw
T,gamma1,gamma5,none,same,anti,cw,n,sw,anti,cw,se,n
T,gamma2,gamma3,none,same,anti,ccw,n,se,anti,ccw,sw,n
T,gamma2,gamma6,none,same,anti,cw,n,sw,anti,cw,sw,se
T,gamma3,gamma2,none,same,anti,cw,se,n,anti,cw,n,sw
T,gamma3,gamma6,none,same,anti,ccw,se,sw,anti,ccw,n,se
T,gamma4,gamma1,none,same,anti,cw,se,n,anti,cw,sw,se
T,gamma4,gamma5,none,same,anti,ccw,se,sw,anti,ccw,sw,n
T,gamma5,gamma1,none,same,anti,ccw,sw,n,anti,ccw,n,se
T,gamma5,gamma4,none,same,anti,cw,sw,se,anti,cw,n,sw
T,gamma6,gamma2,none,same,anti,ccw,sw,n,anti,ccw,se,sw
T,gamma6,gamma3,none,same,anti,cw,sw,se,anti,cw,se,n
U,gamma1,gamma4,none,same,anti,ccw,n,se,pro,cw,se,sw
U,gamma1,gamma5,none,same,pro,ccw,n,sw,anti,cw,se,n
U,gamma2,gamma3,none,same,pro,cw,n,se,anti,ccw,sw,n
U,gamma2,gamma6,none,same,anti,cw,n,sw,pro,ccw,sw,se
U,gamma3,gamma2,none,same,anti,cw,se,n,pro,ccw,n,sw
U,gamma3,gamma6,none,same,pro,cw,se,sw,anti,ccw,n,se
U,gamma4,gamma1,none,same,pro,ccw,se,n,anti,cw,sw,se
U,gamma4,gamma5,none,same,anti,ccw,se,sw,pro,cw,sw,n
U,gamma5,gamma1,none,same,anti,ccw,sw,n,pro,cw,n,se
U,gamma5,gamma4,none,same,pro,ccw,sw,se,anti,cw,n,sw
U,gamma6,gamma2,none,same,pro,cw,sw,n,anti,ccw,se,sw
U,gamma6,gamma3,none,same,anti,cw,sw,se,pro,ccw,se,n
V,gamma1,gamma4,none,same,pro,cw,n,se,anti,ccw,se,sw
V,gamma1,gamma5,none,same,anti,cw,n,sw,pro,ccw,se,n
V,gamma2,gamma3,none,same,anti,ccw,n,se,pro,cw,sw,n
V,gamma2,gamma6,none,same,pro,ccw,n,sw,anti,cw,sw,se
V,gamma3,gamma2,none,same,pro,ccw,se,n,anti,cw,n,sw
V,gamma3,gamma6,none,same,anti,ccw,se,sw,pro,cw,n,se
V,gamma4,gamma1,none,same,anti,cw,se,n,pro,ccw,sw,se
V,gamma4,gamma5,none,same,pro,cw,se,sw,anti,ccw,sw,n
V,gamma5,gamma1,none,same,pro,cw,sw,n,anti,ccw,n,se
V,gamma5,gamma4,none,same,anti,cw,sw,se,pro,ccw,n,sw
V,gamma6,gamma2,none,same,anti,ccw,sw,n,pro,cw,se,sw
V,gamma6,gamma3,none,same,pro,ccw,sw,se,anti,cw,se,n
W,gamma1,gamma2,none,none,static,noRotation,n,n,pro,cw,se,sw
W,gamma1,gamma6,none,none,pro,ccw,n,sw,static,noRotation,se,se
W,gamma2,gamma1,none,none,static,noRotation,n,n,pro,ccw,sw,se
W,gamma2,gamma4,none,none,pro,cw,n,se,static,noRotation,sw,sw
W,gamma3,gamma4,none,none,static,noRotation,se,se,pro,ccw,n,sw
W,gamma3,gamma5,none,none,pro,cw,se,sw,static,noRotation,n,n
W,gamma4,gamma2,none,none,pro,ccw,se,n,static,noRotation,sw,sw
W,gamma4,gamma3,none,none,static,noRotation,se,se,pro,cw,sw,n
W,gamma5,gamma3,none,none,pro,ccw,sw,se,static,noRotation,n,n
W,gamma5,gamma6,none,none,static,noRotation,sw,sw,pro,cw,n,se
W,gamma6,gamma1,none,none,pro,cw,sw,n,static,noRotation,se,se
W,gamma6,gamma5,none,none,static,noRotation,sw,sw,pro,ccw,se,n
X,gamma1,gamma2,none,none,static,noRotation,n,n,anti,ccw,se,sw
X,gamma1,gamma6,none,none,anti,cw,n,sw,static,noRotation,se,se
X,gamma2,gamma1,none,none,static,noRotation,n,n,anti,cw,sw,se
X,gamma2,gamma4,none,none,anti,ccw,n,se,static,noRotation,sw,sw
X,gamma3,gamma4,none,none,static,noRotation,se,se,anti,cw,n,sw
X,gamma3,gamma5,none,none,anti,ccw,se,sw,static,noRotation,n,n
X,gamma4,gamma2,none,none,anti,cw,se,n,static,noRotation,sw,sw
X,gamma4,gamma3,none,none,static,noRotation,se,se,anti,ccw,sw,n
X,gamma5,gamma3,none,none,anti,cw,sw,se,static,noRotation,n,n
X,gamma5,gamma6,none,none,static,noRotation,sw,sw,anti,ccw,n,se
X,gamma6,gamma1,none,none,anti,ccw,sw,n,static,noRotation,se,se
X,gamma6,gamma5,none,none,static,noRotation,sw,sw,anti,cw,se,n
Y,gamma1,beta1,none,none,static,noRotation,n,n,pro,ccw,se,n
Y,gamma1,beta2,none,none,pro,cw,n,se,static,noRotation,se,se
Y,gamma2,beta1,none,none,static,noRotation,n,n,pro,cw,sw,n
Y,gamma2,beta3,none,none,pro,ccw,n,sw,static,noRotation,sw,sw
Y,gamma3,beta1,none,none,pro,ccw,se,n,static,noRotation,n,n
Y,gamma3,beta2,none,none,static,noRotation,se,se,pro,cw,n,se
Y,gamma4,beta2,none,none,static,noRotation,se,se,pro,ccw,sw,se
Y,gamma4,beta3,none,none,pro,cw,se,sw,static,noRotation,sw,sw
Y,gamma5,beta1,none,none,pro,cw,sw,n,static,noRotation,n,n
Y,gamma5,beta3,none,none,static,noRotation,sw,sw,pro,ccw,n,sw
Y,gamma6,beta2,none,none,pro,ccw,sw,se,static,noRotation,se,se
Y,gamma6,beta3,none,none,static,noRotation,sw,sw,pro,cw,se,sw
Z,gamma1,beta1,none,none,static,noRotation,n,n,anti,cw,se,n
Z,gamma1,beta2,none,none,anti,ccw,n,se,static,noRotation,se,se
Z,gamma2,beta1,none,none,static,noRotation,n,n,anti,ccw,sw,n
Z,gamma2,beta3,none,none,anti,cw,n,sw,static,noRotation,sw,sw
Z,gamma3,beta1,none,none,anti,cw,se,n,static,noRotation,n,n
Z,gamma3,beta2,none,none,static,noRotation,se,se,anti,ccw,n,se
Z,gamma4,beta2,none,none,static,noRotation,se,se,anti,cw,sw,se
Z,gamma4,beta3,none,none,anti,ccw,se,sw,static,noRotation,sw,sw
Z,gamma5,beta1,none,none,anti,ccw,sw,n,static,noRotation,n,n
Z,gamma5,beta3,none,none,static,noRotation,sw,sw,anti,cw,n,sw
Z,gamma6,beta2,none,none,anti,cw,sw,se,static,noRotation,se,se
Z,gamma6,beta3,none,none,static,noRotation,sw,sw,anti,ccw,se,sw
Θ,beta1,gamma1,none,none,static,noRotation,n,n,pro,cw,n,se
Θ,beta1,gamma2,none,none,static,noRotation,n,n,pro,ccw,n,sw
Θ,beta1,gamma3,none,none,pro,cw,n,se,static,noRotation,n,n
Θ,beta1,gamma5,none,none,pro,ccw,n,sw,static,noRotation,n,n
Θ,beta2,gamma1,none,none,pro,ccw,se,n,static,noRotation,se,se
Θ,beta2,gamma3,none,none,static,noRotation,se,se,pro,ccw,se,n
Θ,beta2,gamma4,none,none,static,noRotation,se,se,pro,cw,se,sw
Θ,beta2,gamma6,none,none,pro,cw,se,sw,static,noRotation,se,se
Θ,beta3,gamma2,none,none,pro,cw,sw,n,static,noRotation,sw,sw
Θ,beta3,gamma4,none,none,pro,ccw,sw,se,static,noRotation,sw,sw
Θ,beta3,gamma5,none,none,static,noRotation,sw,sw,pro,cw,sw,n
Θ,beta3,gamma6,none,none,static,noRotation,sw,sw,pro,ccw,sw,se
Ω,beta1,gamma1,none,none,static,noRotation,n,n,anti,ccw,n,se
Ω,beta1,gamma2,none,none,static,noRotation,n,n,anti,cw,n,sw
Ω,beta1,gamma3,none,none,anti,ccw,n,se,static,noRotation,n,n
Ω,beta1,gamma5,none,none,anti,cw,n,sw,static,noRotation,n,n
Ω,beta2,gamma1,none,none,anti,cw,se,n,static,noRotation,se,se
Ω,beta2,gamma3,none,none,static,noRotation,se,se,anti,cw,se,n
Ω,beta2,gamma4,none,none,static,noRotation,se,se,anti,ccw,se,sw
Ω,beta2,gamma6,none,none,anti,ccw,se,sw,static,noRotation,se,se
Ω,beta3,gamma2,none,none,anti,ccw,sw,n,static,noRotation,sw,sw
Ω,beta3,gamma4,none,none,anti,cw,sw,se,static,noRotation,sw,sw
Ω,beta3,gamma5,none,none,static,noRotation,sw,sw,anti,ccw,sw,n
Ω,beta3,gamma6,none,none,static,noRotation,sw,sw,anti,cw,sw,se
β,beta1,beta1,none,none,static,noRotation,n,n,static,noRotation,n,n
β,beta2,beta2,none,none,static,noRotation,se,se,static,noRotation,se,se
β,beta3,beta3,none,none,static,noRotation,sw,sw,static,noRotation,sw,sw
γ,gamma1,gamma1,none,none,static,noRotation,n,n,static,noRotation,se,se
γ,gamma2,gamma2,none,none,static,noRotation,n,n,static,noRotation,sw,sw
γ,gamma3,gamma3,none,none,static,noRotation,se,se,static,noRotation,n,n
γ,gamma4,gamma4,none,none,static,noRotation,se,se,static,noRotation,sw,sw
γ,gamma5,gamma5,none,none,static,noRotation,sw,sw,static,noRotation,n,n
γ,gamma6,gamma6,none,none,static,noRotation,sw,sw,static,noRotation,se,se
